{"cameraMode":{"drawMode":0,"name":"Shaded","section":"Shading Mode"},"sceneLighting":false,"audioPlay":false,"sceneViewState":{"showFog":true,"showMaterialUpdate":false,"showSkybox":false,"showFlares":true,"showImageEffects":true,"showParticleSystems":true},"in2DMode":false,"pivot":{"x":-0.05790054798126221,"y":-0.060461997985839847,"z":-0.5559104681015015},"rotation":{"x":0.0005605836631730199,"y":-1.000044822692871,"z":-0.01380813680589199,"w":0.027759965509176256},"size":1.887684941291809,"orthographic":false}