{"cameraMode":{"drawMode":0,"name":"Shaded","section":"Shading Mode"},"sceneLighting":true,"audioPlay":false,"sceneViewState":{"showFog":true,"showMaterialUpdate":false,"showSkybox":true,"showFlares":true,"showImageEffects":true,"showParticleSystems":true},"in2DMode":false,"pivot":{"x":-63.86222457885742,"y":-24.04006004333496,"z":86.35546112060547},"rotation":{"x":-0.009685002267360688,"y":-0.9855421781539917,"z":0.06040036305785179,"w":-0.15804412961006165},"size":1.7320507764816285,"orthographic":false}